Client,Division / Brand,Division Group,Campaign Name,IP / Franchise,Team / Dept,Project Type,Project Size / Cost,Key Contacts / Decision-Makers,Related Agencies,Related Production / Post Houses,Confidence,Source(s),Notes,Project Type (raw),Type Tags (multi)
Paramount,Pluto TV / DTC,Pluto TV,Pluto TV fall brand campaign,Pluto TV,Pluto creative / campaign management,Brand Campaign,—,Katherine Kelly (highest-probability current route; exact commissioner not public),Versus (creative development),Media agency and downstream vendors not yet disclosed,High,S02; S03; S05,"Versus creative development approved; media buy, deliverables and budget still being resolved in July. Active Versus assignment to drive fall viewing and free-streaming consideration.",Brand campaign; creative development; production planning,"Brand Campaign, Creative Development, Production"
Paramount,Paramount+ / DTC,Paramount+ / DTC,Paramount+ UFC opener,UFC (Paramount+),Paramount+ marketing,Title & Launch,—,Paramount+ commissioned Versus (individual commissioner not disclosed),Versus (strategy/creative/design/production/post),Paramount+; UFC/TKO rights stakeholders,High,S01; S14,Paramount+ asked Versus to create a new opener announcing the service as the new home of UFC; environments transform into the Octagon.,Launch creative; motion design; promo; VFX,"Title & Launch, Motion & VFX, Trailer & Spot"
Paramount,Paramount+ / DTC,Paramount+ / DTC,Mountain of Entertainment - rich 3D environment,Paramount+ (A Mountain of Entertainment platform),Paramount+ brand creative / design,Design & Identity,—,Paramount+ commissioned Versus (named buyer not disclosed),Versus (strategy/positioning/UX/3D/production); Droga5 led adjacent brand work,Paramount+,High,S01; S15; S16; S42,Versus developed a globally extensible 3D Mountain of Entertainment environment and related film/BTS/promo assets.,Brand system; 3D environment; UX; promo,"Design & Identity, Motion & VFX, Digital & UX, Trailer & Spot"
Paramount,Pluto TV / DTC,Pluto TV,Monsta - Times Square,Pluto TV,Pluto creative / brand marketing,OOH & Print,—,Pluto TV commissioned Versus (named buyer not disclosed),Versus (creative/motion/type/3D),Pluto TV; media owner not disclosed,High,S01,Versus produced a 3D anamorphic Times Square execution for Pluto TV.,Anamorphic OOH; motion design; type,"OOH & Print, Motion & VFX, Design & Identity"
Paramount,Nickelodeon / TV Media,Nickelodeon,SpongeBob SquarePants on the Sphere - Super Bowl LVIII,SpongeBob SquarePants (Nickelodeon),Nickelodeon brand creative,Experiential & Events,—,Sabrina Caluori (publicly credited cross-functional team),Versus,Nickelodeon; Versus collaborator Tony Kadillak; internal collaborators Michael Waldron; Kurt Hartman; Giancarlo Barrera; Timothy Lines; Rob Kohr; Kerry Villamil; John Bissert,High,S01; S49,A SpongeBob animation wrapped the Las Vegas Sphere during Super Bowl weekend.,Large-format animation; experiential; social amplification,"Experiential & Events, Motion & VFX, Social & Creator"
Paramount,CBS Sports + Paramount+,Paramount Sports,You Can Count on Sundays,NFL on CBS (Paramount+),CBS Sports marketing / TV Media creative / Paramount+ sports marketing,360 / Integrated,—,Kelly Dunne; Michael Benson; Terry Minogue; Andrew Rizzi; Brian Konieczko; Josh Powers (publicly associated),Known (lead creative agency),Director Clay Weiner; Paramount/CBS Sports internal team,High,S20,A season-long NFL platform built around nearly 100 contextual scenarios.,360 sports campaign; film; contextual versioning,"360 / Integrated, Sports, Film & Branded Content, Performance & Commerce"
Paramount,Paramount Pictures,Paramount Pictures,The Naked Gun - AV and digital campaign,The Naked Gun,Paramount Pictures global marketing / creative advertising,Trailer & Spot,—,Josh Goldstine (leads global marketing/distribution; project commissioner not disclosed),Workshop Creative,Production/post subcredits not disclosed,High,S21,"Workshop Creative developed the teaser, spots and digital assets for the theatrical release.",Trailer/TV/digital/social,"Trailer & Spot, Social & Creator"
Paramount,Paramount Pictures,Paramount Pictures,The Naked Gun - OOH,The Naked Gun,Paramount Pictures creative advertising,OOH & Print,—,Not disclosed,Midnight Oil (Imagine Group),Midnight Oil / Imagine Group (OOH design),High,S22,Midnight Oil developed a Clio-winning outdoor campaign for the film.,OOH; print; design,"OOH & Print, Design & Identity"
Paramount,Paramount Pictures,Paramount Pictures,The Naked Gun x ESPN,The Naked Gun,Paramount Pictures partnerships / media,Media & Sponsorship,—,Not disclosed,Media/planning partners not disclosed,ESPN,Medium,S23,A cross-platform ESPN collaboration drove millions of fans and organic views.,Media partnership; branded content; sports integration,"Media & Sponsorship, Film & Branded Content, Sports"
Paramount,Paramount Pictures,Paramount Pictures,The Running Man x Liquid Death,The Running Man,Paramount Pictures partnerships / global marketing,Brand Integration,—,Paramount initiated the brand conversation (named commissioner not public),(brand-led),Liquid Death (brand; creative; production; owned/influencer distribution),High,S24,Liquid Death created an ad that existed inside the film world and then amplified it through its own channels.,Brand integration; in-film commercial; creator amplification,"Brand Integration, Social & Creator"
Paramount,Paramount Pictures,Paramount Pictures,The Running Man - Reddit interactive pilot,The Running Man,Paramount Pictures media / partnerships,Interactive & Gaming,—,Not disclosed,Spark Foundry / Publicis (media/activation),Reddit (platform); interactive production not disclosed,High,S25,A game-like Reddit ad format invited users into the film's survival premise.,Gamified media; interactive creative,Interactive & Gaming
Paramount,Paramount Pictures / Nickelodeon,Paramount Pictures,The SpongeBob Movie: Search for SquarePants - international social,SpongeBob SquarePants,Paramount Pictures international marketing / Nickelodeon franchise marketing,Social & Creator,—,Not disclosed,Once Upon a Time LA (designer Kaitlin Trisciani),,High,S26,Once Upon a Time LA created international social and digital work for the film.,Social; digital; design; animation,"Social & Creator, Design & Identity, Motion & VFX"
Paramount,Paramount Pictures / Nickelodeon,Paramount Pictures,The SpongeBob Movie x Burger King,SpongeBob SquarePants,Franchise partnerships / consumer products / Pictures marketing,Consumer & Retail,—,Not disclosed,Burger King; licensed product/agency partners not disclosed,,Medium,S09; S26,A nationwide Burger King collaboration used themed menu items and collectibles.,Consumer promotion; product; collectibles; retail,Consumer & Retail
Paramount,Paramount Pictures,Paramount Pictures,Scream 7 - Discord playable experience,Scream 7,Paramount Pictures media / digital partnerships,Interactive & Gaming,—,Not disclosed,Spark Foundry / Publicis,Discord (platform); Those Beyond (interactive experience),High,S27,A playable Discord experience let users hide from Ghostface and buy tickets inside Discord.,Interactive; community; gaming; ticket conversion,"Interactive & Gaming, Performance & Commerce"
Paramount,Paramount Pictures,Paramount Pictures,Scream 7 - Flighthouse social,Scream 7,Paramount Pictures digital / social,Social & Creator,—,Not disclosed,Flighthouse Media,Talent and creator partners not disclosed,Medium,S27,Flighthouse produced custom short-form pieces that generated reported high view and engagement volume.,Platform-native social; creator media,Social & Creator
Paramount,Paramount Pictures,Paramount Pictures,Scream 7 - Big Game spot,Scream 7,Paramount Pictures creative advertising / media,Trailer & Spot,—,Not disclosed,,External AV/production chain not disclosed,Medium,S27,Paramount Pictures aired a Big Game spot supporting the release.,Theatrical spot; tentpole media,"Trailer & Spot, Media & Sponsorship"
Paramount,CBS Entertainment,CBS,Tracker-themed stays with AutoCamp and Hilton Honors,Tracker (CBS),CBS marketing / partnerships,Experiential & Events,—,Michael Benson (publicly framed the partnership),,AutoCamp; Hilton Honors; activation/production vendors not disclosed,High,S28,Bookable and points-redeemable Tracker stays brought the series into seven AutoCamp locations.,Experiential; hospitality; loyalty partnership,"Experiential & Events, Media & Sponsorship"
Paramount,CBS Entertainment,CBS,NCIS Tuesdays of Honor: A Salute to Service,NCIS (CBS),CBS marketing / communications,Brand Campaign,—,Not disclosed (CBS marketing responsible),,Veteran/community partners not disclosed,High,S29,"A fall franchise platform honored service members, veterans and Gold Star families.",Purpose-led campaign; franchise; community,"Brand Campaign, Title & Launch, Interactive & Gaming"
Paramount,BET / TV Media,BET,BET Media House,BET Awards / BET,BET marketing / audience development / integrated marketing,Film & Branded Content,—,Tiyale Hayes (executive sponsor/commissioner),P&G (sponsor); 38 media partners,Production and content vendors not disclosed,High,S30; S12,"A 38-partner, sponsor-backed content ecosystem surrounded the BET Awards with rapid, multi-platform output.",Branded content ecosystem; live/tentpole; real-time production,"Film & Branded Content, Live & Tentpole"
Paramount,BET / Paramount+,BET,Black + Iconic Soiree,BET (Black + Iconic),BET marketing / audience development; Paramount+,Experiential & Events,—,Tiyale Hayes (named executive sponsor),Gilead; P&G (sponsors),Event and production vendors not disclosed,High,S31; S04,BET's annual event became an exclusive Paramount+ special supported by Gilead and P&G.,Experiential; filmed special; branded entertainment,"Experiential & Events, Film & Branded Content"
Paramount,BET / TV Media,BET,BET Awards 2026,BET Awards,BET programming / production / marketing,Live & Tentpole,—,Connie Orlando (internal EP); Tiyale Hayes (marketing/audience route),,Jesse Collins Entertainment (Jesse Collins; Dionne Harmon; Jeannae Rouzan-Clay),High,S32,BET's flagship awards show continued with Jesse Collins Entertainment as the production company.,Live awards production; branded integrations; promo,"Live & Tentpole, Brand Integration, Trailer & Spot"
Paramount,Nickelodeon,Nickelodeon,Nickelodeon Fun-ergy Factory - Comic-Con,Nickelodeon,Nickelodeon marketing / brand creative / events,Experiential & Events,—,Not disclosed,,New Children's Museum (venue); fabrication and production vendors not disclosed,High,S33,"An outdoor activation included Slime Surge, Enter the Splat, a stage and a slime booth.",Experiential; installation; interactive; social,"Experiential & Events, Interactive & Gaming, Social & Creator"
Paramount,MTV / CBS / Paramount+,MTV / Brand Studio,2025 MTV Video Music Awards - partner platform,MTV VMAs,Paramount Brand Studio / integrated marketing,Live & Tentpole,—,Dario Spina; Matthew Newcomb,"Multiple agencies, production companies and brands",Paramount Brand Studio,High,S37,"The VMAs involved 30 advertisers, 19 new advertisers, eight custom marketing partners, 145 assets and more than 11 minutes of branded content.",Tentpole; custom branded content; integrations,"Live & Tentpole, Film & Branded Content, Brand Integration"
Paramount,Paramount Brand Studio / MTV,MTV / Brand Studio,Dunkin x VMAs - Megan Stalter stunt,MTV VMAs / Dunkin,Paramount Brand Studio / integrated marketing,Film & Branded Content,—,Brand Studio (individual commissioner not disclosed),Dunkin (brand),Gravy Films (director Laura Murphy); Artists Equity (reported/verify),High,S34,A custom comedy piece sent Megan Stalter on a Dunkin run instead of attending the VMAs.,Branded entertainment; comedy film; social,"Film & Branded Content, Social & Creator"
Paramount,Paramount Brand Studio / MTV,MTV / Brand Studio,Bacardi x VMAs,MTV VMAs / Bacardi,Paramount Brand Studio / integrated marketing,Media & Sponsorship,—,Matthew Newcomb,Bacardi (brand),Event and production vendors not disclosed,High,S35,"Bacardi became the official spirits partner with an MTV Live digital series, pre-party, award category and custom creative.",Integrated sponsorship; live/digital series; custom ad time,"Media & Sponsorship, Live & Tentpole"
Paramount,Paramount Brand Studio / MTV,MTV / Brand Studio,Burger King x VMAs,MTV VMAs / Burger King,Paramount Brand Studio / integrated marketing,Trailer & Spot,—,Brand Studio (individual commissioner not disclosed),Bark Bark (director Kajal Patel); Burger King (brand),Bark Bark (creative/production/design/post),High,S36,"Bark Bark created a custom :90 for the VMAs and handled creative, production, design and post.",Custom spot; design; post,"Trailer & Spot, Design & Identity, Editorial & Post"
Paramount,Paramount Brand Studio / MTV,MTV / Brand Studio,Red Bull x VMAs / MrBeast activation,MTV VMAs / Red Bull,Paramount Brand Studio / integrated marketing,Experiential & Events,—,Dario Spina,Red Bull (brand); MrBeast ecosystem,Production vendors not disclosed,Medium,S37,Red Bull appeared in a large pre-show stunt connected to MrBeast and the VMAs.,Live stunt; creator activation; branded content,"Experiential & Events, Social & Creator, Film & Branded Content"
Paramount,Paramount Advertising,Paramount Advertising,Paramount Ads Manager Agency Partner Program,Paramount Ads Manager,Paramount Advertising / Ads Manager,Performance & Commerce,—,Ads Manager team (individual commissioner not disclosed),AllCreativeMedia; New Path Digital (curated agencies),Creative Express / Creative Plus services,High,S38; S39,"Paramount created a curated partner program spanning setup, creative and campaign management for Ads Manager customers.",Agency ecosystem; SMB CTV; creative services,"Performance & Commerce, Creative Development"
Paramount,Paramount Advertising,Paramount Advertising,Performance Multiplier with Taboola,Paramount Advertising,Paramount Advertising / product / media labs,Performance & Commerce,—,Not disclosed,Participating advertisers and agencies,Taboola (ad-tech),High,S40,"Taboola and Paramount connected CTV exposure with lower-funnel performance media, with 2026 rollout.",CTV ad tech; performance; commerce,Performance & Commerce
Paramount,Paramount Advertising,Paramount Advertising,Dynamic fixed ad units with Omnicom Media,Paramount Advertising,Paramount Advertising / product / agency partnerships,Performance & Commerce,—,Not disclosed,Omnicom Media,Creative technology vendors not disclosed; participating brands,High,S41,Omnicom Media and Paramount developed dynamic fixed units within streaming premieres.,Dynamic advertising; media partnership; creative versioning,"Performance & Commerce, Media & Sponsorship"
Paramount,Paramount+ / DTC,Paramount+ / DTC,Find Your Mountain,Paramount+ (Mountain platform),Paramount+ brand creative,Brand Campaign,—,Paramount+ brand/creative leadership (partially public),Droga5 (lead creative),Stink Films / Traktor (production/director); Arcade Edit (Jeff Ferruzzo; Paul Martinez - editorial),High,S15; S16; S17,Paramount+ extended its mountain platform through unlikely franchise mashups.,Brand platform; campaign film; mashups,"Brand Campaign, Film & Branded Content"
Paramount,Paramount+ / CBS Sports,Paramount Sports,Nobody Watches Like U.S.,Paramount+ (sports),Paramount+ sports/program marketing,Film & Branded Content,—,Rob Stecklow (senior sports/news marketing stakeholder),72andSunny (lead creative),Smuggler (director Tom Hooper); Trafik (VFX/color); Iconic (editorial); Barking Owl (audio); Soundtree (music),High,S18; S19,A sports-viewing platform joined UEFA and AFC Championship culture.,Sports brand film; campaign,"Film & Branded Content, Sports, Brand Campaign"
Paramount,Paramount+ / Showtime,Paramount+ / DTC,Yellowjackets FYC,Yellowjackets,Paramount+ / Showtime awards marketing,Editorial & Post,—,Liza Burnett Fefferman; Rene Ridinger; Katherine Allen (Amy Campbell no longer a current target),TCO London (Clive Wilson; Ryan Cahill; Tertia Nash; Emma Fraser),,High,S52,A focused FYC campaign supported awards consideration.,FYC; editorial; design; digital,"Editorial & Post, Design & Identity"
Paramount,Paramount+ / DTC,Paramount+ / DTC,A Mountain of Entertainment - extended platform,Paramount+ (Mountain platform),Paramount+ brand creative / design,Brand Campaign,—,Domenic DiMeglio; Terry Minogue; Matt Hernandez; James Cullen; Janine Evangelista; Jedd Scher; Emmanuelle Leboeuf; Debbie Beiter; Douglas Johnson,Droga5,O Positive; Arcade Edit; Human; Parliament; Titmouse; Heard City; Rare Medium,High,S42,The prior mountain system used a broad roster of specialized production partners.,Brand platform; 2D/3D; film; social,"Brand Campaign, Motion & VFX, Film & Branded Content, Social & Creator"
Paramount,Paramount Network,Other,Killer Classics - Halloween stunt,Paramount Network,MTVE Kids & Family / Paramount Network creative,Motion & VFX,—,Internal MTVE Kids & Family team (named commissioner not disclosed),,Animation and voice vendors not disclosed,High,S50,A Halloween execution used custom animation and voiceover inside the Paramount Network brand.,Custom animation; promo; voiceover,"Motion & VFX, Trailer & Spot, Audio"
Paramount,Paramount+,Paramount+ / DTC,Star Trek: Strange New Worlds - Worlds Collide,Star Trek: Strange New Worlds,Paramount+ title creative / marketing,Title & Launch,—,Paramount+ (entrant; external vendor credits not fully public),,Internal title creative; external chain undisclosed,High,S51; S46; S47,A Clio-recognized title campaign supported season three.,Title launch; franchise; 360 creative,"Title & Launch, 360 / Integrated"
Paramount,Paramount Sports Entertainment / Paramount+,Paramount Sports,Team Moms,Team Moms,Paramount Sports Entertainment; Paramount+ originals/marketing,Film & Branded Content,—,Jesse Sisgold (leads PSE; project marketing owner not public),,ITV America; Kim Kardashian Productions,Medium,S13; S04,"An emerging series combines sports storytelling, celebrity production and Paramount+ distribution.",Unscripted series; sports entertainment; partnerships,"Film & Branded Content, Sports, Media & Sponsorship"
Paramount,Pluto TV / DTC,Pluto TV,Feel the Free,Pluto TV,Pluto TV brand marketing,Brand Campaign,—,Pluto marketing team (project-level commissioner not disclosed),,O Positive (reported); directors David Shane and Michael Clancy (reported),Medium,S53; S02,Pluto TV used humorous scenarios to dramatize the emotional freedom of free streaming.,Brand campaign; comedy film,"Brand Campaign, Film & Branded Content"
Paramount,Paramount+ / DTC,Paramount+ / DTC,Dutton Ranch at SXSW,Yellowstone / Dutton Ranch (spinoff),Paramount+ title marketing / experiential,Experiential & Events,—,Shawn Silverman (publicly described the strategy),,Fairmont Austin; participating steakhouses; projection/experience vendors not disclosed,High,S48; S47,A fiery building projection and themed steakhouse partnerships introduced the Yellowstone spinoff.,Experiential; projection; hospitality partnership,"Experiential & Events, Media & Sponsorship"